CamPos,PlayTime,HookCount,UndoCount,RetryCount,PlayerCount
T1,48.74151333530883,10.867132867132867,0.0,0.0,119
T2,21.240844229495888,21.8,0.0,0.0,119
T3,37.359633294513095,43.682432432432435,0.0,0.0,119
T4,35.3697593627974,39.51162790697674,0.007751937984496124,0.0,116
T5,83.75840808254368,113.12578616352201,0.0,0.0,114
LV1,81.57393204090216,81.88741721854305,4.417218543046357,0.0,112
A1,41.97853495456554,38.361111111111114,0.009259259259259259,0.0,107
A2,60.15637614348224,80.53271028037383,2.074766355140187,0.14018691588785046,106
A3,99.04380052334794,130.05607476635515,5.925233644859813,1.4205607476635513,106
A4,119.54572061734778,143.3177570093458,7.542056074766355,1.308411214953271,106
A5,214.77966291858598,248.71153846153845,27.903846153846153,1.6153846153846154,103
A6,65.27883408931976,68.95744680851064,5.702127659574468,0.7340425531914894,92
A7,181.03297525570716,239.44444444444446,23.358024691358025,2.3209876543209877,80
A-?,24.17371663235236,13.797101449275363,0.057971014492753624,0.0,66
A-??,36.68464803695679,46.3469387755102,3.2448979591836733,0.04081632653061224,45
A-???,32.305501476923624,57.15555555555556,0.7111111111111111,0.9555555555555556,43
A-H,7.3567103639245035,4.3,0.0,0.0,39
AL1,15.458780533228165,27.05128205128205,0.0,0.1282051282051282,39
AL2,96.42479723378231,166.55263157894737,0.0,4.868421052631579,37
AL3,58.92719877999404,115.0,0.0,4.620689655172414,29
AL4,124.62692385453444,256.4230769230769,0.0,7.1923076923076925,25
D3,264.4678039550781,130.0,14.0,0.0,1
C2,59.11334800720215,54.5,0.0,0.0,2
E2,621.575439453125,38.0,0.0,1.0,1
B2,31.71366310119629,54.0,0.0,0.0,2
LE1,11.887975692749023,24.0,0.0,0.0,1
LE2,29.219491958618164,28.0,0.0,0.0,1
LN1,21.341003100077312,20.333333333333332,0.0,0.0,1
LN3,11.26781940460205,9.0,0.0,0.0,1
LN2,14.119842529296875,18.5,0.0,0.0,1
C0,27.455921173095703,28.0,0.0,0.0,1
B1,45.557552337646484,60.0,0.0,0.0,1
B3,93.66571044921875,103.0,0.0,0.0,1
B4,136.32273864746094,166.0,5.0,0.0,1
B5,237.63449096679688,226.0,0.0,4.0,1
B-?,47.60764694213867,56.0,0.0,0.0,1
B-??,277.06005859375,415.0,0.0,17.0,1
B0,21.305559158325195,17.0,0.0,0.0,1
C1,85.14703369140625,117.0,2.0,0.0,1
C3,45.674163818359375,72.0,0.0,0.0,1
C4,172.6043701171875,224.0,0.0,2.0,1
C5,197.73619079589844,258.0,47.0,0.0,1
